1	місто Сімферополь, Центральний район	Залізничний район міста Сімферополя з населеними пунктами Залізничної районної в місті Сімферополі ради, Центральний район міста Сімферополя	вул.Горького, 15, м.Сімферополь, Автономна Республіка Крим, 95000	приміщення Центральної районної ради м.Сімферополя	95	162 822
2	місто Сімферополь, Київський район	Київський район міста Сімферополя з населеними пунктами Київської районної в місті Сімферополі ради, частина Сімферопольського району (виборчі дільниці № 010583 – 010595, 010601 – 010603, 010631 –010637, 010647, 010648)	бульв.Франка, 25, м.Сімферополь, Автономна Республіка Крим, 95034	приміщення Київської районної ради м.Сімферополя	98	150 497
3	місто Джанкой	місто Джанкой, Джанкойський, Красногвардійський райони	вул.Леніна, 45/2, м.Джанкой, Автономна Республіка Крим, 96100	центр культури та дозвілля	165	160 311
4	місто Євпаторія	міста Євпаторія з населеними пунктами Євпаторійської міської ради, Саки, Сакський район	вул.Дьомишева, 129, м.Євпаторія, Автономна Республіка Крим, 97400	дитяча школа мистецтв	137	176 570
5	місто Керч	місто Керч, частина Ленінського району (виборчі дільниці № 010346 – 010356, 010358, 010360 – 010363, 010365, 010366, 010370 –010374, 010379 – 010385)	вул.Свердлова, 6, м.Керч, Автономна Республіка Крим, 98300	міський культурний центр імені Богатікова	103	143 545
6	місто Феодосія	місто Феодосія з населеними пунктами Феодосійської міської ради, Кіровський район, частина Ленінського району (виборчі дільниці № 010343 – 010345, 010357, 010359, 010364, 010367 – 010369, 010375 –010378, 010386 – 010394)	вул.Земська, 6, м.Феодосія, Автономна Республіка Крим, 98100	ВАТ "Феодосійська офсетна фабрика"	111	149 453
7	місто Ялта	міста Алушта, Ялта з населеними пунктами Алуштинської та Ялтинської міських рад	пл.Радянська, 1, м.Ялта, Автономна Республіка Крим, 98600	приміщення Ялтинської міської ради	105	149 101
8	селище міського типу Совєтський	місто Судак з населеними пунктами Судацької міської ради, Білогірський, Нижньогірський, Совєтський райони, частина Сімферопольського району (виборчі дільниці № 010608, 010609, 010612 –010614)	вул.30 років Перемоги, 15, смтСовєтський, Совєтський р-н, Автономна Республіка Крим, 97200	приміщення Совєтської районної ради	154	145 241
9	селище міського типу Первомайське	міста Армянськ з населеними пунктами Армянської міської ради, Красноперекопськ, Красноперекопський, Первомайський, Роздольненський, Чорноморський райони	вул.Леніна, 63, смт Первомайське, Первомайський р-н, Автономна Республіка Крим, 96300	бізнес-центр	153	144 121
10	місто Сімферополь	Бахчисарайський район, частина Сімферопольського району (виборчі дільниці № 010564 – 010582, 010596 – 010600, 010604 – 010607, 010610, 010611, 010615 – 010630, 010638 – 010646)	вул.Павленка, 1, м.Сімферополь, Автономна Республіка Крим, 95006	приміщення Сімферопольської райдержадміністрації	130	159 391
11	місто Вінниця	частина міста Вінниці (виборчі дільниці № 051477 – 051547, 051575 – 051586), частина Вінницького району (виборчі дільниці № 050130 –050137, 050145, 050149, 050154 – 050156, 050161, 050162, 050164 – 050167, 050185 – 050192)	просп. Космонавтів, 30, м. Вінниця, 21021	приміщення Правобережної адміністрації Вінницької міської ради	110	169 839
12	місто Вінниця	частина міста Вінниці (виборчі дільниці № 051435 – 051476, 051548 –051574, 051587 – 051590), частина Вінницького району (виборчі дільниці № 050125 – 050129, 050138 – 050144, 050146 – 050148, 050150 –050153, 050157 – 050160, 050163, 050168 – 050184)	вул.50-річчя Перемоги, 7, м.Вінниця, 21001	приміщення Лівобережної адміністрації Вінницької міської ради	115	177 016
13	місто Калинівка	міста Козятин, Хмільник, Калинівський, Козятинський, Хмільницький райони	вул. Дзержинського, 22, м. Калинівка, Калинівський р-н, Вінницька обл., 22400	Калинівський районний будинок культури	238	154 763
14	місто Жмеринка	місто Жмеринка, Барський, Жмеринський, Літинський, Тиврівський райони	вул.Київська, 16, м. Жмеринка, Вінницька обл., 23100	приміщення відділу освіти Жмеринської райдержадміністрації	275	172 043
15	місто Шаргород	Мурованокуриловецький, Томашпільський, Тульчинський, Чернівецький, Шаргородський райони	вул.Леніна, 220, м. Шаргород, Шаргородський р-н, Вінницька обл., 23500	приміщення управління агропромислового розвитку Шаргородської райдержадміністрації	215	159 659
16	місто Ямпіль	місто Могилів-Подільський, Крижопільський, Могилів-Подільський, Піщанський, Чечельницький, Ямпільський райони	вул. Комінтерна, 1, м. Ямпіль, Ямпільський р-н, Вінницька обл., 24500	приміщення РП "Агромаш"	202	148 955
17	місто Ладижин	місто Ладижин, Бершадський, Гайсинський, Теплицький, Тростянецький райони	вул. П.Кравчика, 4, м. Ладижин, Вінницька обл., 24321	будівля Ладижинської міської ради	217	169 214
18	місто Іллінці	Іллінецький, Липовецький, Немирівський, Оратівський, Погребищенський райони	вул. Карла Маркса, 37, м. Іллінці, Іллінецький р-н, Вінницька обл., 22700	приміщення спортивного комплексу	298	145 559
19	місто Володимир-Волинський	міста Володимир-Волинський, Нововолинськ, Володимир-Волинський, Іваничівський, Любомльський райони	вул.Д.Галицького, 7, м.Володимир-Волинський,Волинська обл., 44700	Володимир-Волинський районний будинок культури	222	147 096
20	місто Горохів	Горохівський, Локачинський, Луцький, Рожищенський, Турійський райони	вул.Б.Хмельницького, 2, м.Горохів, Горохівський р-н, Волинська обл., 45700	спортивна школа	314	158 789
21	місто Ковель	місто Ковель, Ковельський, Ратнівський, Старовижівський, Шацький райони	вул. Незалежності, 73, м.Ковель, Волинська обл.	адміністративне приміщення Ковельської міської ради	249	157 145
22	місто Луцьк	місто Луцьк	вул. Б.Хмельницького, 19, м.Луцьк, Волинська обл., 43025	приміщення Луцької міської ради	83	161 392
23	селище міського типу Маневичі	Камінь-Каширський, Ківерцівський, Любешівський, Маневицький райони	вул.Некрасова, 5, смтМаневичі, Маневицький р-н, Волинська обл., 44600	Маневицький районний будинок культури	260	160 318
24	місто Дніпропетровськ, Самарський район	Індустріальний район, частина Самарського району міста Дніпропетровська виборчі дільниці № 121444 – 121463, 121467 – 121479, 121481)	вул.20-річчя Перемоги, 51, м.Дніпропетровськ, 49127	приміщення Самарської районної у місті Дніпропетровську ради	87	162 017
25	місто Дніпропетровськ, Красногвардійський район	частина Амур-Нижньодніпровського району (виборчі дільниці № 121063, 121064, 121071 – 121077, 121084, 121087 – 121103), Красногвардійський район міста Дніпропетровська	вул.Шмідта, 18, м.Дніпропетровськ, 49006	Дніпропетровський радіоприладобудівний коледж	82	149 441
26	місто Дніпропетровськ, Бабушкінський район	Бабушкінський район, частина Кіровського району міста Дніпропетровська (виборчі дільниці № 121286 – 121298, 121310 – 121315), селище міського типу Авіаторське Дніпропетровської міської ради	вул. К.Лібкнехта, 70, м. Дніпропетровськ, 49069	приміщення Бабушкінської районної у місті Дніпропетровську ради	77	148 386
27	місто Дніпропетровськ, Жовтневий район	Жовтневий район, частина Кіровського (виборчі дільниці № 121299 – 121309, 121316, 121317), частина Самарського (виборчі дільниці № 121464 – 121466, 121480) районів міста Дніпропетровська	пл.Шевченка, 7, м.Дніпропетровськ, 49027	приміщення Жовтневої районної у місті Дніпропетровську ради	87	152 690
28	місто Дніпропетровськ, Ленінський район	Ленінський район міста Дніпропетровська, частина Амур-Нижньодніпровського району (виборчі дільниці № 121059 – 121062)	просп. Калініна, 55 (корпус 1), м.Дніпропетровськ, 49064	приміщення Дніпропетровського індустріального коледжу	77	149 625
29	Дніпропетровський район, селище міського типу Ювілейне	частина Амур-Нижньодніпровського району міста Дніпропетровська (виборчі дільниці № 121046 – 121058, 121065 – 121070, 121078 – 121083, 121085, 121086, 121104), Дніпропетровський, Петриківський райони	вул.Теплична, 5, смт Ювілейне, Дніпропетровський р-н, Дніпропетровська обл., 52005	приміщення Дніпропетровської районної ради	86	147 651
30	місто Дніпродзержинськ, Заводський район	Баглійський, Дніпровський райони, частина Заводського району міста Дніпродзержинська (виборчі дільниці № 121012 – 121021, 121028, 121030, 121036 – 121038, 121040 – 121043)	пл.Дзержинського, 2, м.Дніпродзержинськ, Дніпропетровська обл., 51931	приміщення Дніпродзержинської міської ради	84	168 697
31	місто Кривий Ріг, Жовтневий район	Жовтневий район, частина Тернівського району міста Кривого Рогу (виборчі дільниці № 121694 – 121728, 121730 – 121733), селища Гірницьке, Коломійцеве, села Новоіванівка, Тернуватий Кут Криворізької міської ради	вул.Шурупова, 2, м.Кривий Ріг, Дніпропетровська обл., 50014	приміщення виконавчого комітету Жовтневої районної у місті Кривому Розі ради	97	178 910
32	місто Кривий Ріг, Довгинцівський район	Довгинцівський район, частина Саксаганського району міста Кривого Рогу (виборчі дільниці № 121638 – 121683, 121690 – 121693)	вул.Дніпропетровське шосе, 11, м.Кривий Ріг, Дніпропетровська обл., 50086	приміщення виконавчого комітету Довгинцівської районної у місті Кривому Розі ради	92	178 619
33	місто Кривий Ріг, Центрально-Міський район	Дзержинський район, частина Інгулецького (виборчі дільниці № 121611 – 121619, 121636), частина Саксаганського (виборчі дільниці № 121684 – 121689) районів, Центрально-Міський район міста Кривого Рогу, селище Авангард Криворізької міської ради	вул.Леніна, 27, м. Кривий Ріг, Дніпропетровська обл., 50000	приміщення виконавчого комітету Центрально-Міської районної у місті Кривому Розі ради	89	155 714
34	селище міського типу Царичанка	міста Вільногірськ, Жовті Води, Верхньодніпровський, П’ятихатський, Царичанський райони	вул.Театральна, 17, смт Царичанка, Дніпропетровська обл., 51000	приміщення Царичанської райдержадміністрації	135	161 167
35	місто Нікополь	міста Нікополь, Орджонікідзе, Нікопольський район	вул.Шевченка, 130, м.Нікополь, Дніпропетровська обл., 53200	приміщення Нікопольської райдержадміністрації	113	176 011
36	місто Павлоград	міста Павлоград, Першотравенськ, Тернівка, Павлоградський район	вул. Леніна, 95, м.Павлоград, Дніпропетровська обл., 51400	приміщення Павлоградської міської ради	103	162 105
37	місто Кривий Ріг	частина Інгулецького (виборчі дільниці № 121620 – 121635, 121637), частина Тернівського (виборча дільниця № 121729) районів міста Кривого Рогу, Апостолівський, Криворізький, Софіївський, Широківський райони	вул.Кобилянського, 152, м.Кривий Ріг, Дніпропетровська обл., 50002	приміщення Криворізької районної ради	147	157 546
38	місто Новомосковськ	місто Новомосковськ, Магдалинівський, Новомосковський, Юр’ївський райони	вул.Радянська, 14, м.Новомосковськ, Дніпропетровська обл., 51200	приміщення Новомосковської міської ради	138	153 739
39	селище міського типу Васильківка	місто Синельникове, Васильківський, Межівський, Петропавлівський, Покровський, Синельниківський райони	вул.Партизанська, 150, смтВасильківка, Васильківський р-н, Дніпропетровська обл., 52600	приміщення Васильківської районної ради	159	157 614
40	селище міського типу Кринички	місто Марганець, частина Заводського району міста Дніпродзержинська (виборчі дільниці № 121022 – 121027, 121029, 121031 –121035, 121039, 121044, 121045), Криничанський, Солонянський, Томаківський райони	вул. Центральна, 13, смт Кринички, Криничанський р-н, Дніпропетровська обл., 52300	Криничанський районний будинок культури	128	152 691
41	місто Донецьк, Будьонівський район	Будьонівський, Пролетарський райони міста Донецька	вул. Октября, 17, м.Донецьк, 83030	приміщення Будьонівської районної у місті Донецьку ради	88	151 531
42	місто Донецьк, Ворошиловський район	Ворошиловський, Калінінський райони, частина Куйбишевського району міста Донецька (виборчі дільниці № 141833, 141836 – 141842)	вул.Артема, 74, м.Донецьк, 83001	приміщення Ворошиловської районної у містіДонецьку ради	88	147 740
43	місто Донецьк, Ленінський район	Ленінський район, частина Кіровського (виборчі дільниці № 141805 – 141811), частина Куйбишевського (виборчі дільниці № 141827 –141832, 141834, 141835, 141843 – 141871, 141873, 141874) районів міста Донецька	вул. Куйбишева, 31, м. Донецьк, 83101	приміщення Ленінської районної у містіДонецьку ради	97	157 224
44	місто Донецьк, Кіровський район	Петровський район, частина Кіровського району міста Донецька (виборчі дільниці № 141763 – 141804, 141812 – 141826)	вул. Кірова, 194, м. Донецьк, 83011	приміщення Кіровської районної у містіДонецьку ради	99	162 108
45	місто Донецьк, Київський район	міста Авдіївка, Ясинувата, Київський район міста Донецька, Ясинуватський район	просп. Київський, 36, м.Донецьк, 83054	приміщення Київської районної у містіДонецьку ради	110	173 330
46	місто Артемівськ	міста Артемівськ, Красний Лиман, Артемівський район	вул. Артема, 44, м. Артемівськ, Донецька обл., 84500	приміщення Артемівської міської ради	153	159 132
47	місто Слов’янськ	місто Слов’янськ, Олександрівський, Слов’янський райони	пл.Жовтневої революції, 2, м.Слов’янськ, Донецька обл., 84122	приміщення Слов’янської міської ради	114	148 931
48	місто Краматорськ	місто Краматорськ	пл.Леніна, 2, м.Краматорськ, Донецька обл., 84313	приміщення Краматорської міської ради	89	158 942
49	місто Костянтинівка	міста Дружківка, Костянтинівка, Костянтинівський, Красноармійський райони	вул.Леніна, 260, м.Костянтинівка, Донецька обл., 85114	приміщення Костянтинівської міської ради	131	161 596
50	місто Красноармійськ	міста Димитров, Добропілля, Красноармійськ, Добропільський район	пл.Шибанкова, 13, м.Красноармійськ, Донецька обл., 85300	приміщення Красноармійської міської ради	119	168 246
51	місто Горлівка, Центрально-Міський район	Микитівський, Центрально-Міський райони міста Горлівки	просп.Перемоги, 67, м.Горлівка, Донецька обл., 84646	приміщення Горлівської міської ради	96	150 387
52	місто Дзержинськ	міста Дебальцеве, Дзержинськ, Калінінський район міста Горлівки	вул.50 років Жовтня, 27, м.Дзержинськ, Донецька обл., 85200	приміщення Дзержинської міської ради	111	165 878
53	місто Єнакієве	міста Єнакієве, Торез	пл.Леніна, 7, м.Єнакієве, Донецька обл., 86430	приміщення Єнакієвської міської ради	117	174 275
54	місто Шахтарськ	міста Харцизьк, Шахтарськ, Шахтарський район	вул.Леніна, 4, м.Шахтарськ, Донецька обл., 86200	приміщення Шахтарської міської ради	124	155 520
55	місто Макіївка, Гірницький район	міста Жданівка, Кіровське, Гірницький, Совєтський райони міста Макіївки	вул.Лихачова, 60, м.Макіївка, Донецька обл., 86108	навчально-курсовий комбінат Державного Макіївського науково-дослідницького інституту з безпеки робіт у гірничій промисловості	120	166 118
56	місто Макіївка, Центрально-Міський район	Кіровський, Червоногвардійський, Центрально-Міський райони міста Макіївки	вул.Панченка, 1а, м.Макіївка, Донецька обл., 86132	Донецька торгово-промислова палата	114	168 769
57	місто Маріуполь, Іллічівський район	Іллічівський, Орджонікідзевський райони міста Маріуполя	просп.Металургів, 150, м.Маріуполь, Донецька обл., 87524	палац культури металургів	116	174 118
58	місто Маріуполь, Жовтневий район	Жовтневий, Приморський райони міста Маріуполя	вул.Харлампіївська, 17/25, м.Маріуполь, Донецька обл., 87500	палац культури "Молодіжний"	102	175 393
59	місто Мар’їнка	міста Вугледар, Новогродівка, Селидове, Великоновосілківський, Мар’їнський райони	вул.Шевченка, 3, м.Мар’їнка, Мар’їнський р-н, Донецька обл., 85600	приміщення Мар’їнської районної ради	156	172 427
60	місто Волноваха	Волноваський, Володарський, Новоазовський, Першотравневий, Тельманівський райони	вул.1-го Травня, 1, м.Волноваха, Волноваський р-н, Донецька обл., 85700	приміщення Волноваської районної ради	163	168 642
61	селище міського типу Старобешеве	міста Докучаєвськ, Сніжне, Амвросіївський, Старобешівський райони	просп.Ангеліної, 20, смтСтаробешеве, Старобешівській р-н, Донецька обл., 87200	приміщення Старобешівського районного відділу Головного управління МВС України в Донецькій області	137	151 973
62	місто Житомир	частина Богунського району (виборчі дільниці № 181338 –181372, 181382 – 181386, 181388, 181389, 181399 – 181403), Корольовський район міста Житомира	майдан ім.С.П.Корольова, 4/2, м.Житомир, 10014	приміщення Житомирської міської ради	105	177 519
63	місто Бердичів	місто Бердичів, Андрушівський, Бердичівський, Попільнянський, Ружинський райони	пл.Жовтнева, 1, м.Бердичів, Житомирська обл., 13300	приміщення виконавчого комітету Бердичівської міської ради	228	169 432
64	місто Коростень	місто Коростень, Коростенський, Лугинський, Овруцький, Олевський райони	вул.Грушевського, 3, м.Коростень, Житомирська обл.,11503	Коростенський міський будинок культури	306	168 012
65	місто Новоград-Волинський	місто Новоград-Волинський, Баранівський, Ємільчинський, Новоград-Волинський, Червоноармійський райони	пл.Лесі Українки, 9, м.Новоград-Волинський, Житомирська обл., 11708	Новоград-Волинський міський палац культури імені Лесі Українки	279	160 539
66	місто Малин	місто Малин, Брусилівський, Володарсько-Волинський, Коростишівський, Малинський, Народицький, Радомишльський, Черняхівський райони	пл.Соборна, 6а, м.Малин, Житомирська обл., 11600	приміщення виконавчого комітету Малинської міської ради	299	170 057
67	місто Чуднів	частина Богунського району міста Житомира (виборчі дільниці № 181373 – 181381, 181387, 181390 – 181398), Житомирський, Любарський, Романівський, Чуднівський райони	вул.Леніна, 125, м.Чуднів, Чуднівський р-н, Житомирська обл., 13200	приміщення управління агропромислового розвитку Чуднівської райдержадміністрації	248	169 237
68	місто Ужгород	міста Ужгород, Чоп, Ужгородський район	Студентська набережна, 8, м.Ужгород, 88000	Закарпатський обласний палац дитячої та юнацької творчості	143	159 208
69	місто Мукачеве	місто Мукачеве, частина Берегівського (виборчі дільниці № 210003 – 210005, 210012, 210013, 210015, 210017, 210019, 210021, 210029 – 210032, 210035), частина Іршавського (виборчі дільниці № 210172 –210180, 210203 – 210212, 210223 – 210228), частина Мукачівського (виборчі дільниці № 210303 – 210330, 210332 – 210339, 210343 – 210345, 210347 – 210365) районів	вул.Пушкіна, 2, м.Мукачеве, Закарпатська обл., 89600	приміщення виконавчого комітету Мукачівської міської ради	133	160 169
70	місто Свалява	Великоберезнянський, Воловецький, Міжгірський, Перечинський, Свалявський райони, частина Мукачівського району (виборчі дільниці № 210278 – 210302, 210331, 210340 – 210342, 210346)	вул.Головна, 72, м.Свалява, Свалявський р-н, Закарпатська обл., 89300	Свалявський районний будинок культури	211	166 422
71	місто Хуст	місто Хуст, Хустський район, частина Іршавського (виборчі дільниці № 210168 –210171, 210181 – 210183, 210185 – 210190, 210192 – 210195, 210198 – 210202), частина Тячівського (виборчі дільниці № 210479 –210481, 210504, 210516, 210522 – 210524, 210529, 210534, 210535, 210537, 210538) районів	вул.Карпатської Січі, 21, м.Хуст, Закарпатська обл., 90400	приміщення Хустської райдержадміністрації	101	154 245
72	місто Тячів	Рахівський район, частина Тячівського району (виборчі дільниці № 210474 – 210478, 210482 – 210503, 210505 – 210515, 210517 – 210521, 210525 – 210528, 210530 – 210533, 210536, 210539 – 210547)	вул.Незалежності, 30, м.Тячів, Тячівський р-н, Закарпатська обл., 90500	приміщення Тячівської районної ради	103	173 489
73	місто Виноградів	місто Берегове, Виноградівський район, частина Берегівського (виборчі дільниці № 210001, 210002, 210006 – 210011, 210014, 210016, 210018, 210020, 210022 – 210028, 210033, 210034, 210036), частина Іршавського (виборчі дільниці № 210184, 210191, 210196, 210197, 210213 – 210222) районів	пл.Миру, 5, м.Виноградів, Виноградівський р-н, Закарпатська обл., 90300	приміщення Виноградівської районної ради	114	147 026
74	місто Запоріжжя, Комунарський район	Комунарський район, частина Жовтневого району міста Запоріжжя (виборчі дільниці № 230811, 230814, 230820 – 230836)	вул.Чумаченка, 32, м.Запоріжжя, 69104	приміщення районної адміністрації Запорізької міської ради по Комунарському району	75	143 485
75	місто Запоріжжя, Ленінський район	Заводський, Ленінський райони міста Запоріжжя	вул.Бородінська, 1а, м.Запоріжжя, 69096	приміщення районної адміністрації Запорізької міської ради по Ленінському району	80	165 110
76	місто Запоріжжя, Орджонікідзевський район	Орджонікідзевський, Хортицький райони міста Запоріжжя	вул.Сєдова, 5, м.Запоріжжя, 69035	приміщення районної адміністрації Запорізької міської ради по Орджонікідзевському району	89	172 415
77	місто Запоріжжя, Шевченківський район	Шевченківський район, частина Жовтневого району міста Запоріжжя (виборчі дільниці № 230809, 230810, 230812, 230813, 230815 –230819)	просп.Моторобудівників, 34, м.Запоріжжя, 69068	приміщення районної адміністрації Запорізької міської ради по Шевченківському району	73	144 005
78	місто Бердянськ	місто Бердянськ з населеними пунктами Бердянської міської ради, Бердянський, Куйбишевський, Розівський, Чернігівський райони	пл.1-ої Бердянської ради, 2, м.Бердянськ, Запорізька обл., 71100	приміщення виконавчого комітету Бердянської міської ради	141	164 150
79	місто Василівка	місто Енергодар, Василівський, Великобілозерський, Кам’янсько-Дніпровський райони, частина Оріхівського району (виборчі дільниці № 230376 – 230386, 230388 – 230392, 230394 – 230399, 230401 –230406, 230408 – 230414)	вул.Чекістів, 4, м.Василівка, Василівський р-н, Запорізька обл., 71600	приміщення Василівської районної ради	151	179 379
80	місто Мелітополь	місто Мелітополь, Мелітопольський район	пл.Перемоги, 4, м.Мелітополь, Запорізька обл., 72312	палац культури ім.Т.Г.Шевченка	112	170 193
81	місто Токмак	місто Токмак, Веселівський, Михайлівський, Приазовський, Приморський, Токмацький, Якимівський райони	вул.Володарського, 322, м.Токмак, Запорізька обл., 71701	центр дитячої та юнацької творчості	232	169 190
82	місто Пологи	Гуляйпільський, Вільнянський, Запорізький, Новомиколаївський, Пологівський райони, частина Оріхівського району (виборчі дільниці № 230387, 230393, 230400, 230407)	вул.М.Горького, 32, м.Пологи, Пологівський р-н, Запорізька обл., 70600	приміщення Пологівської райдержадміністрації	176	164 324
83	місто Івано-Франківськ	частина міста Івано-Франківська (виборчі дільниці № 260855 –260884, 260887 – 260907, 260911 – 260917, 260919 – 260943, 260946 –260961)	вул.Грушевського, 21, м.Івано-Франківськ, 76004	приміщення виконавчого комітету Івано-Франківської міської ради	100	167 191
84	місто Тисмениця	частина міста Івано-Франківська (виборчі дільниці № 260885, 260886, 260908 – 260910, 260918, 260944, 260945), Тисменицький, Тлумацький райони, частина Галицького району (виборчі дільниці № 260087 – 260105, 260110 – 260129, 260131, 260132, 260134 – 260139, 260141 – 260153, 260155 – 260164)	вул.Галицька, 17, м.Тисмениця, Тисменецький р-н, Івано-Франківська обл., 77400	приміщення Тисменецької районної ради	190	164 259
85	місто Калуш	місто Калуш, Калуський, Рогатинський райони, частина Галицького району (виборчі дільниці № 260106 – 260109, 260130, 260133, 260140, 260154)	вул.Шевченка, 6, м.Калуш, Івано-Франківська обл., 77300	приміщення Калуської райдержадміністрації	166	145 931
86	місто Долина	місто Болехів з населеними пунктами Болехівської міської ради, Долинський, Рожнятівський райони, частина Богородчанського району (виборчі дільниці № 260008, 260009, 260014, 260015, 260020 – 260023, 260027, 260034 – 260039, 260045, 260046)	вул.Незалежності, 4, м.Долина, Долинський р-н, Івано-Франківська обл., 77500	районний народний будинок "Просвіта"	139	148 235
87	місто Надвірна	місто Яремче з населеними пунктами Яремчанської міської ради, Надвірнянський район, частина Богородчанського (виборчі дільниці № 260001 – 260007, 260010 – 260013, 260016 – 260019, 260024 – 260026, 260028 – 260033, 260040 – 260044, 260047), частина Коломийського (виборчі дільниці № 260329 – 260338, 260408) районів	вул.Шептицького, 36, м.Надвірна, Надвірнянський р-н, Івано-Франківська обл., 78400	будинок культури нафтогазовидобувного управління	118	147 555
88	місто Коломия	місто Коломия, Городенківський район, частина Коломийського району (виборчі дільниці № 260339 – 260407, 260409 – 260411)	вул.М.Грушевського, 1, м.Коломия, Івано-Франківська обл., 78203	приміщення виконавчого комітету Коломийської міської ради	165	162 359
89	місто Снятин	Верховинський, Косівський, Снятинський райони	вул.Незалежності, 1, м.Снятин, Снятинський р-н, Івано-Франківська обл., 78300	приміщення Снятинської райдержадміністрації	159	143 944
90	місто Біла Церква	місто Біла Церква	пл.Торгова, 6, м.Біла Церква, Київська обл., 09117	приміщення Білоцерківської міської ради	97	162 732
91	селище міського типу Макарів	місто Фастів, Макарівський, Фастівський райони, частина Києво-Святошинського (виборчі дільниці № 320562, 320578 – 320582, 320597, 320598, 320607 – 320609, 320612 – 320614, 320617, 320618, 320624, 320628 – 320640, 320642), частина Сквирського (виборчі дільниці № 320872 –320874, 320878, 320879, 320883 – 320885, 320887 – 320889, 320893, 320894, 320896 – 320900, 320902, 320903) районів	вул.Фрунзе, 27, смт Макарів, Макарівський р-н, Київська обл., 08000	Макарівський районний будинок культури	167	150 287
92	місто Узин	Білоцерківський, Володарський, Ставищенський, Таращанський, Тетіївський райони, частина Сквирського району (виборчі дільниці № 320862 – 320871, 320875 – 320877, 320880 – 320882, 320886, 320890 – 320892, 320895, 320901, 320904 – 320909)	вул.Карла Маркса, 1, м.Узин, Білоцерківський р-н, Київська обл., 09161	Узинський міський будинок культури	216	155 612
93	місто Миронівка	міста Переяслав-Хмельницький, Ржищів, Богуславський, Кагарлицький, Миронівський, Рокитнянський райони	вул.Леніна, 60, м.Миронівка, Миронівський р-н, Київська обл., 08800	Миронівський районний будинок культури	181	146 125
94	місто Обухів	міста Васильків, Обухів, Васильківський, Обухівський райони	вул.Малишка, 10, м.Обухів, Київська обл., 08700	3-й поверх, кімн. 42-44	136	151 370
95	місто Ірпінь	місто Ірпінь, частина Києво-Святошинського району (виборчі дільниці № 320559 – 320561, 320563 – 320577, 320583 – 320596, 320599 –320606, 320610, 320611, 320615, 320616, 320619 – 320623, 320625 – 320627, 320641, 320643, 320644)	вул.ІІІ Інтернаціоналу, 183, м.Ірпінь, Київська обл., 08200	центральний будинок культури	89	158 523
96	місто Вишгород	міста Буча, Славутич, Бородянський, Вишгородський, Іванківський, Поліський райони	просп.Івана Мазепи, 9, м.Вишгород, Вишгородський р-н, Київська обл., 07300	Вишгородський районний будинок культури "Енергетик"	194	179 866
97	місто Бровари	міста Березань, Бровари, Баришівський район, частина Броварського району (виборчі дільниці № 320226 – 320250, 320253 – 320268, 320269 – 320272, 320276, 320277)	вул.Кірова, 92, м.Бровари, Київська обл., 07400	базовий міськрайонний Центр зайнятості	136	177 361
98	місто Яготин	місто Бориспіль, Бориспільський, Згурівський, Переяслав-Хмельницький, Яготинський райони, частина Броварського району (виборчі дільниці № 320251, 320252, 320273 – 320275)	вул.Пирятинська, 27, м.Яготин, Яготинський р-н, Київська обл., 07700	ТОВ "Нива України"	185	179 211
99	місто Кіровоград, Ленінський район	частина Кіровського (виборчі дільниці № 350814 – 350869, 350874, 350875, 350882 – 350890), частина Ленінського (виборчі дільниці № 350894 – 350936) районів міста Кіровограда	вул.Дворцова, 28, м.Кіровоград, 25013	приміщення Кіровоградської обласної ради	111	176 093
100	Бобринецький район	частина Кіровського (виборчі дільниці № 350876 – 350881), частина Ленінського (виборчі дільниці № 350892, 350893) районів міста Кіровограда, Бобринецький, Вільшанський, Добровеличківський, Кіровоградський, Компаніївський, Новоукраїнський райони, селище міського типу Нове Кіровоградської міської ради (виборчі дільниці № 350870 – 350873, 350891)	вул.Орджонікідзе, 80, м.Бобринець, Бобринецький р-н, Кіровоградська обл., 27200	приміщення Бобринецької райдержадміністрації	235	155 902
101	селище міського типу Голованівськ	Гайворонський, Голованівський, Маловисківський, Новоархангельський, Новомиргородський, Ульяновський райони	вул.Суворова, 3, смт Голованівськ, Голованівський р-н, Кіровоградська обл., 26500	Голованівський районний будинок культури	204	151 723
102	місто Знам’янка	міста Знам’янка, Світловодськ, Знам’янський, Новгородківський, Олександрівський, Онуфріївський, Світловодський райони	вул.Жовтнева, 19, м.Знам’янка, Кіровоградська обл., 27400	приміщення виконавчого комітету Знам’янської міської ради	195	152 881
103	місто Олександрія	місто Олександрія, Долинський, Олександрійський, Петрівський, Устинівський райони	просп.Леніна, 59, м.Олександрія, Кіровоградська обл., 28000	приміщення виконавчого комітету Олександрійської міської ради	192	155 212
104	місто Луганськ, Артемівський район	Артемівський район, частина Кам’янобрідського району міста Луганська (виборчі дільниці № 441414 – 441418, 441433), частина Лутугинського району (виборчі дільниці № 440170 – 440178, 440186 – 440198, 440201 – 440203, 440206 – 440215)	кв-лЛенінського комсомолу, 11, м.Луганськ, 91006	приміщення виконавчого комітету Артемівської районної у місті Луганську ради	109	178 334
105	місто Луганськ, Жовтневий район	Жовтневий район, частина Кам’янобрідського району міста Луганська (виборчі дільниці № 441419 – 441432)	31-й квартал, 14а, м.Луганськ, 91005	приміщення виконавчого комітету Жовтневої районної у місті Луганську ради	98	172 763
106	місто Сєвєродонецьк	місто Сєвєродонецьк, частина міста Стаханова (виборчі дільниці № 441212 – 441232, 441249 – 441251, 441258 – 441262), частина Попаснянського району (виборчі дільниці № 440393 – 440421, 440424)	вул.Леніна, 32, м.Сєвєродонецьк, Луганська обл., 93400	приміщення Сєвєродонецької міської ради	109	158 555
107	місто Лисичанськ	місто Лисичанськ, частина міста Стаханова (виборчі дільниці № 441233 – 441248, 441252 – 441257), частина міста Первомайська (виборчі дільниці № 440975 – 440980, 440987, 440988), частина Попаснянського району (виборчі дільниці № 440381 – 440392, 440422, 440423)	вул. Гайдара, 78, м. Лисичанськ, Луганська обл., 93100	Центр позашкільної роботи зі школярами та молоддю	92	168 551
108	місто Красний Луч	місто Красний Луч, Перевальський район	вул.Комуністична, 33, м.Красний Луч, Луганська обл., 94520	приміщення виконавчого комітету Краснолуцької міської ради	142	161 450
109	місто Краснодон	місто Краснодон, Ленінський район міста Луганська, Краснодонський район	пл.Леніна, 5, м.Краснодон, Луганська обл., 94400	будинок культури імені Молодої Гвардії	154	169 977
110	місто Алчевськ	міста Алчевськ, Антрацит, частина Антрацитівського (виборчі дільниці № 440009 – 440013, 440015 – 440020, 440028), частина Лутугинського (виборчі дільниці № 440179 – 440185, 440199, 440200, 440204, 440205) районів	вул. Липовенка, 20, м.Алчевськ, Луганська обл., 94214	Алчевський дитячо-юнацький центр туризму, екскурсій та краєзнавства	134	177 508
111	місто Свердловськ	міста Свердловськ, Ровеньки, частина Антрацитівського району (виборчі дільниці № 440001 – 440008, 440014, 440021 – 440027, 440029 –440034)	вул.Енгельса, 45, м.Свердловськ, Луганська обл., 94801	палац культури	146	171 785
112	місто Рубіжне	міста Рубіжне, Кіровськ, Брянка, частина міста Первомайська (виборчі дільниці № 440981 – 440986, 440989 – 441015)	пл.Леніна, 2, м.Рубіжне, Луганська обл., 93011	приміщення Рубіжанської міської ради	107	158 931
113	місто Сватове	Білокуракинський, Кремінський, Новоайдарський, Сватівський, Старобільський, Троїцький райони	пл.50-річчя Перемоги, 37, м.Сватове, Сватівський р-н, Луганська обл., 92600	молодіжний центр "Слобожанська духовна криниця ім.М.Щепенка"	203	159 090
114	селище міського типу Станиця Луганська	Біловодський, Марківський, Міловський, Новопсковський, Слов’яносербський, Станично-Луганський райони	вул.1 Травня, 33, смтСтаниця Луганська, Станично-Луганський р-н, Луганська обл., 93600	цех телекомунікаційних послуг № 10 Луганської філії ПАТ "Укртелеком"	198	154 032
115	місто Львів, Сихівський район	Сихівський район, частина Личаківського району міста Львова (виборчі дільниці № 461925 – 461928, 461931, 461935, 461936, 461940 –461942, 461947 – 461950, 461954 – 461959, 461962 – 461975)	вул.Зубрівська, 9, м.Львів, 79066	приміщення управління освіти Львівської міської ради	95	170 995
116	місто Львів, Залізничний район	Залізничний район, частина Шевченківського району міста Львова (виборчі дільниці № 462109 – 462113, 462119 – 462129, 462137 –462150)	вул.Виговського, 34, м.Львів, 79022	приміщення Залізничної районної адміністрації Львівської міської ради	79	178 391
117	місто Львів, Франківський район	Галицький, Франківський райони, частина Шевченківського району міста Львова (виборчі дільниці № 462130 – 462136)	вул.Чупринки, 85, м.Львів, 79044	приміщення Франківської районної адміністрації Львівської міської ради	95	175 125
118	місто Львів, Личаківський район	частина Личаківського (виборчі дільниці № 461929, 461930, 461932 – 461934, 461937 – 461939, 461943 – 461946, 461951 – 461953, 461960, 461961), частина Шевченківського (виборчі дільниці № 462095 – 462108, 462114 – 462118, 462151, 462152) районів міста Львова, Пустомитівський район	вул.К.Левицького, 67, м. Львів, 79017	приміщення Личаківської районної адміністрації Львівської міської ради	137	171 624
119	місто Броди	Бродівський, Буський, Радехівський райони, частина Кам’янка-Бузького району (виборчі дільниці № 460614 – 460618, 460622, 460623, 460625 – 460643, 460649 – 460653, 460658, 460663, 460664, 460670 – 460679)	пл.Ринок, 1, м.Броди, Бродівськийр-н, Львівська обл., 80600	приміщення Бродівської районної ради	248	154 303
120	місто Городок	Городоцький, Мостиський райони, частина Самбірського району (виборчі дільниці № 461059 – 461136, 461140 – 461147)	вул.Майдан Гайдамаків, 5, м.Городок, Городоцький р-н, Львівська обл., 81500	Народний дім "Просвіта"	247	154 134
121	місто Дрогобич	міста Борислав, Дрогобич, Трускавець, Дрогобицький район	вул.22 Січня, 37, м. Дрогобич, Львівська обл., 82100	приміщення Дрогобицької районної ради	143	176 804
122	місто Яворів	Жовківський, Яворівський райони	вул.І.Франка, 8, м.Яворів, Яворівський р-н, Львівська обл., 81000	приміщення Яворівської райдержадміністрації	207	175 091
123	місто Перемишляни	місто Новий Розділ, Золочівський, Миколаївський, Перемишлянський райони	вул.Привокзальна, 3, м.Перемишляни, Перемишлянський р-н, Львівська обл., 81200	приміщення Перемишлянської районної ради	253	160 071
124	місто Сокаль	місто Червоноград, Сокальський район, частина Кам’янка-Бузького району (виборчі дільниці № 460619 – 460621, 460624, 460644 –460648, 460654 – 460657, 460659 – 460662, 460665 – 460669)	вул.Шептицького,26, м.Сокаль, Cокальський р-н, Львівська обл., 80000	приміщення Сокальської районної ради	164	150 504
125	місто Старий Самбір	місто Самбір, Сколівський, Старосамбірський, Турківський райони, частина Самбірського району (виборчі дільниці № 461137 – 461139)	вул.Л.Галицького, 40, м.Старий Самбір, Старосамбірський р-н, Львівська обл., 82000	приміщення Старосамбірської райдержадміністрації	265	164 027
126	місто Стрий	міста Моршин, Стрий, Жидачівський, Стрийський райони	вул.Шевченка, 71, м.Стрий, Львівська обл., 82400	приміщення Стрийської міської ради	223	153 655
127	місто Миколаїв, Заводський район	місто Очаків, Заводський район міста Миколаєва, Миколаївський, Очаківський райони	вул.Чигрина, 9, м.Миколаїв, 54020	приміщення районної адміністрації Миколаївської міської ради по Заводському району	126	155 062
128	місто Миколаїв, Ленінський район	Ленінський, Корабельний райони міста Миколаєва	просп.Жовтневий, 1, м.Миколаїв, 54003	приміщення районної адміністрації Миколаївської міської ради по Ленінському району	92	172 604
129	місто Миколаїв, Центральний район	Центральний район міста Миколаєва, Жовтневий район	вул.Інженерна, 1, м.Миколаїв, 54001	приміщення районної адміністрації Миколаївської міської ради по Центральному району	106	152 428
130	місто Баштанка	Баштанський, Березнегуватський, Казанківський, Новобузький, Новоодеський, Снігурівський райони	вул.Баштанської республіки, 29, м.Баштанка, Баштанський р-н, Миколаївська обл., 56101	Баштанська дитячо-юнацька спортивна школа	236	147 543
131	місто Вознесенськ	міста Вознесенськ, Южноукраїнськ, Березанський, Веселинівський, Вознесенський, Доманівський, Єланецький райони	вул.Кірова, 22, м.Вознесенськ, Миколаївська обл., 56500	Вознесенський міський будинок культури	191	161 553
132	місто Первомайськ	місто Первомайськ, Арбузинський, Братський, Врадіївський, Кривоозерський, Первомайський райони	вул.Грушевського, 3, м.Первомайськ, Миколаївська обл., 55213	приміщення виконавчого комітету Первомайської міської ради	186	149 103
133	місто Одеса, Київський район	Київський район міста Одеси	вул.Академіка Корольова, 9, м.Одеса, 65114	приміщення Київської районної адміністраціїОдеської міської ради	86	178 761
134	місто Одеса, Малиновський район	частина Малиновського району міста Одеси (виборчі дільниці № 511159 –511218, 511220, 511222 – 511244)	вул.Генерала Петрова, 22, м.Одеса, 65078	приміщення Малиновської районної адміністраціїОдеської міської ради	85	177 426
135	місто Одеса, Приморський район	Приморський район міста Одеси	вул.Канатна, 134, м.Одеса, 65039	приміщення Приморської районної адміністрації Одеської міської ради	95	180 297
136	місто Одеса, Суворовський район	частина Малиновського (виборчі дільниці № 511219, 511221), частина Суворовського (виборчі дільниці № 511340 – 511365, 511374 –511434) районів міста Одеси	просп.Добровольського, 106, м.Одеса, 65025	приміщення Суворовської районної адміністрації Одеської міської ради	89	180 127
137	місто Котовськ	місто Котовськ, Балтський, Кодимський, Котовський, Красноокнянський, Савранський райони	вул.50 років Жовтня, 72в, м.Котовськ, Одеська обл., 66300	цех телекомунікаційних послуг №15 Одеської філії ПАТ "Укртелеком"	204	144 471
138	селище міського типу Ширяєве	Ананьївський, Березівський, Іванівський, Любашівський, Миколаївський, Ширяївський райони, частина Комінтернівського району (виборчі дільниці № 510473 – 510498, 510521, 510522)	вул.Леніна, 104, смт Ширяєве, Ширяївський р-н, Одеська обл., 66800	приміщення Ширяївської райдержадміністрації	242	153 182
139	місто Роздільна	місто Южне, частина Суворовського району міста Одеси (виборчі дільниці № 511366 – 511373), Великомихайлівський, Роздільнянський, Фрунзівський райони, частина Біляївського (виборчі дільниці № 510222, 510223, 510230, 510237, 510238, 510241 – 510243, 510246, 510248, 510249, 510252, 510257, 510263 – 510265, 510268, 510269, 510276, 510277), частина Комінтернівського (виборчі дільниці № 510499 – 510520, 510523) районів	вул.Привокзальна, 14, м.Роздільна, Роздільнянський р-н, Одеська обл., 67400	дитячо-юнацька спортивна школа	140	174 259
140	місто Біляївка	міста Іллічівськ, Теплодар, Овідіопольський район, частина Біляївського району (виборчі дільниці № 510224 – 510229, 510231 – 510236, 510239, 510240, 510244, 510245, 510247, 510250, 510251, 510253 – 510256, 510258 – 510262, 510266, 510267, 510270 – 510275, 510278 – 510282)	вул.Гагаріна, 14Б, м.Біляївка, Біляївський р-н, Одеська обл., 67600	Біляївський районний будинок культури	110	178 320
141	місто Татарбунари	місто Білгород-Дністровський, Білгород-Дністровський, Татарбунарський райони, частина Кілійського району (виборчі дільниці № 510407 – 510423, 510425 – 510428, 510431, 510435, 510439, 510440)	вул.Карла Маркса, 31-А, м.Татарбунари, Татарбунарський р-н, Одеська обл., 68100	Татарбунарський районний будинок культури	145	157 413
142	місто Арциз	Арцизький, Саратський, Тарутинський райони, частина Болградського (виборчі дільниці № 510283 – 510290, 510296, 510298 –510315, 510317, 510318), частина Кілійського (виборчі дільниці № 510424, 510429, 510430, 510432 – 510434, 510436 – 510438) районів	вул.Орджонікідзе, 46, м.Арциз, Арцизький р-н, Одеська обл., 68400	приміщення Арцизької райдержадміністрації	155	161 432
143	місто Ізмаїл	місто Ізмаїл, Ізмаїльський, Ренійський райони, частина Болградського району (виборчі дільниці № 510291 – 510295, 510297, 510316)	просп.Суворова, 62, м.Ізмаїл, Одеська обл., 68600	приміщення Ізмаїльської міської ради	116	147 232
144	місто Полтава, Октябрський район	Ленінський, Октябрський райони міста Полтави	вул.Калініна, 30, м.Полтава, 36040	приміщення Октябрської районної у містіПолтаві ради	85	152 971
145	місто Полтава, Київський район	Київський район міста Полтави, Котелевський, Полтавський райони	вул.Маршала Бірюзова, 1/2, м.Полтава, 36014	приміщення виконавчого комітету Київської районної у містіПолтаві ради	132	158 582
146	місто Кременчук	частина Автозаводського району (виборчі дільниці № 531040 –531085, 531099, 531100), Крюківський район міста Кременчука	вул.Квартальна, 14, м.Кременчук, Полтавська обл., 39600	будинок дитячої та юнацької творчості (БДЮТ)	85	149 013
147	місто Миргород	місто Миргород, Диканський, Зіньківський, Миргородський, Решетилівський, Шишацький райони	вул.Гоголя, 107, м.Миргород, Полтавська обл., 37600	приміщення рад мікрорайонів міста Миргорода	190	145 692
148	місто Лубни	місто Лубни, Великобагачанський, Оржицький, Семенівський, Хорольський райони, частина Лубенського району (виборчі дільниці № 530474 – 530494, 530504 – 530506, 530522 – 530531)	вул.Радянська, 16, м.Лубни, Полтавська обл., 37500	кінотеатр "Київська Русь"	219	154 253
149	місто Карлівка	Карлівський, Кобеляцький, Козельщинський, Машівський, Новосанжарський, Чутівський райони	вул.Леніна, 95, м.Карлівка, Карлівський р-н, Полтавська обл., 39500	Карлівський районний будинок культури	215	150 484
150	місто Комсомольськ	місто Комсомольськ, частина Автозаводського району міста Кременчука (виборчі дільниці № 531086 – 531098), Глобинський, Кременчуцький райони	вул.Космонавтів, 4, м.Комсомольськ, Полтавська обл., 39800	відділ підготовки кадрів ВАТ "Полтавський ГЗК"	127	150 592
151	місто Лохвиця	Гадяцький, Гребінківський, Лохвицький, Пирятинський, Чорнухинський райони, частина Лубенського району (виборчі дільниці № 530495 – 530503, 530507 – 530521)	вул.Перемоги, 1, м.Лохвиця, Лохвицький р-н, Полтавська обл., 37200	приміщення Лохвицької райдержадміністрації	220	147 704
152	місто Рівне	частина міста Рівного (виборчі дільниці № 560901 – 560974, 560984 – 561002)	вул.Гагаріна, 6, м.Рівне, 33000	Рівненський міський палац культури	94	172 603
153	місто Рівне	місто Острог, частина міста Рівного (виборчі дільниці № 560975 – 560983), Гощанський, Корецький, Острозький, Рівненський райони	вул.Дніпровська, 4, м.Рівне, 33001	філія поліклініки Рівненської центральної районної лікарні	230	176 213
154	місто Дубно	місто Дубно, Демидівський, Дубенський, Здолбунівський, Млинівський, Радивилівський райони	вул.Д.Галицького, 17, м.Дубно, Рівненська обл., 35600	приміщення Дубенської райдержадміністрації	266	180 130
155	місто Дубровиця	місто Кузнецовськ, Володимирецький, Дубровицький, Зарічненський, Рокитнівський райони	вул.Воробинська, 16, м.Дубровиця, Дубровицький р-н, Рівненська обл., 34100	приміщення Дубровицької райдержадміністрації	212	173 401
156	місто Сарни	Березнівський, Костопільський, Сарненський райони	вул.Ковельська, 9, м.Сарни, Сарненський р-н, Рівненська обл., 34500	будинок дітей та молоді	200	168 989
157	місто Суми	Ковпаківський район, частина Зарічного району міста Сум (виборчі дільниці № 590884 – 590895, 590926 – 590943, 591015), село Піщане Сумської міської ради з населеними пунктами Піщанської сільської ради	вул. Горького, 21, м.Суми, 40004	приміщення Сумської міської ради	100	179 266
158	місто Білопілля	частина Зарічного району міста Сум (виборчі дільниці № 590896 – 590925, 590944 – 590946), Білопільський, Краснопільський, Сумський райони	вул.Старопутивльська, 35, м.Білопілля, Білопільський р-н, Сумська обл., 41800	приміщення Білопільської районної ради	190	175 682
159	місто Глухів	місто Глухів, Глухівський, Путивльський, Середино-Будський, Ямпільський райони, частина Кролевецького (виборчі дільниці № 590260 –590274, 590276 – 590278, 590280, 590282 – 590284, 590287, 590288, 590291, 590295 – 590299), частина Конотопського (виборчі дільниці № 590176, 590177, 590181 – 590183, 590185, 590186, 590188, 590190 – 590192, 590196 –590198, 590210, 590213), частина Шосткінського (виборчі дільниці № 590679 – 590688, 590694 – 590699) районів	вул.Путивльська, 1, м.Глухів, Сумська обл., 41400	міський центр дитячої та юнацької творчості	224	146 948
160	місто Шостка	міста Конотоп, Шостка, частина Конотопського (виборчі дільниці № 590179, 590180, 590200, 590207, 590208), частина Кролевецького (виборчі дільниці № 590275, 590279, 590281, 590285, 590286, 590289, 590290, 590292 – 590294), частина Шосткінського (виборчі дільниці № 590675 –590678, 590689 – 590693, 590700 – 590703) районів	вул.Леніна, 14, м.Шостка, Сумська обл., 41100	приміщення Шосткинської міської ради	99	147 395
161	місто Ромни	місто Ромни, Буринський, Липоводолинський, Недригайлівський, Роменський райони, частина Конотопського району (виборчі дільниці № 590172 – 590175, 590178, 590184, 590187, 590189, 590193 – 590195, 590199, 590201 – 590206, 590209, 590211, 590212, 590214 –590218)	бульв.Шевченка, 6, м.Ромни, Сумська обл., 42000	Роменський міський будинок культури	229	148 782
162	місто Охтирка	міста Лебедин, Охтирка, Великописарівський, Лебединський, Охтирський, Тростянецький райони	вул.Леніна, 1, м.Охтирка, Охтирський р-н, Сумська обл., 42700	приміщення управління праці та соціального захисту населення Охтирської міської ради	174	147 841
163	місто Тернопіль	частина міста Тернополя (виборчі дільниці № 611096 – 611181)	вул.Миру, 6, м.Тернопіль, 46000	палац культури Леся Курбаса "Березіль"	86	177 378
164	місто Збараж	Збаразький, Лановецький, Підволочиський, Шумський райони, частина Кременецького району (виборчі дільниці № 610544 – 610552, 610554 – 610587, 610591, 610592, 610596 – 610604, 610607, 610609, 610610, 610613 – 610616)	вул.Незалежності, 8, м.Збараж, Збаразький р-н, Тернопільська обл., 47302	Національний заповідник "Замки Тернопілля"	307	177 577
165	місто Зборів	частина міста Тернополя (виборчі дільниці № 611092 – 611095), Бережанський, Зборівський, Козівський, Підгаєцький, Тернопільський райони, частина Кременецького району (виборчі дільниці № 610542, 610543, 610553, 610588 – 610590, 610593 – 610595, 610605, 610606, 610608, 610611, 610612)	вул.Миру, 6, м.Зборів, Зборівськийр-н, Тернопільська обл., 47201	приміщення територіального центру Зборівської райдержадміністрації	311	178 352
166	місто Теребовля	Бучацький, Гусятинський, Монастириський, Теребовлянський райони	вул.22 Січня, 17, м.Теребовля, Теребовлянський р-н, Тернопільськаобл., 48100	спортивний комплекс	270	175 509
167	місто Чортків	Борщівський, Заліщицький, Чортківський райони	вул.Шевченка, 23, м.Чортків, Чортківський р-н, Тернопільськаобл., 48500	приміщення Чортківської районної ради	210	154 725
168	місто Харків, Дзержинський район	Дзержинський район міста Харкова	просп.Леніна, 17а, м.Харків, 61200	приміщення адміністрації Дзержинського району Харківської міської ради	88	169 341
169	місто Харків, Київський район	Київський район, частина Московського району міста Харкова (виборчі дільниці № 631415 – 631421, 631481 – 631484, 631525 – 631527)	вул.Чернишевська, 55, м.Харків, 61002	приміщення адміністрації Київського району Харківської міської ради	99	163 827
170	місто Харків, Московський район	частина Московського району міста Харкова (виборчі дільниці № 631422 – 631446, 631451 – 631461, 631467 – 631480, 631485 – 631492, 631506 – 631524, 631528 – 631532)	вул.Юр’ївська, 8, м.Харків, 61001	приміщення адміністрації Московського району Харківської міської ради	83	161 861
171	місто Харків, Фрунзенський район	Фрунзенський район, частина Комінтернівського (виборчі дільниці № 631354 – 631372), частина Орджонікідзевського (виборчі дільниці № 631533 – 631536) районів міста Харкова	просп.Маршала Жукова, 17, м.Харків, 61091	приміщення адміністрації Фрунзенського району Харківської міської ради	81	156 146
172	місто Харків, Орджонікідзевський район	частина Московського (виборчі дільниці № 631447 – 631450, 631462 – 631466, 631493 – 631505), частина Орджонікідзевського (виборчі дільниці № 631537 – 631590) районів міста Харкова	просп.Орджонікідзе, 11, м.Харків, 61007	приміщення адміністрації Орджонікідзевського району Харківської міської ради	76	159 686
173	місто Харків, Комінтернівський район	Червонозаводський район, частина Комінтернівського району міста Харкова (виборчі дільниці № 631316 – 631353, 631373 – 631375, 631689)	вул.Плеханівська, 42, м.Харків, 61001	приміщення адміністрації Комінтернівського району Харківської міської ради	82	150 856
174	місто Харків, Ленінський район	Жовтневий, Ленінський райони міста Харкова	вул.Карла Маркса, 15, м.Харків, 61012	комунальний заклад "Центр дитячої і юнацької творчості № 5" Харківської міської ради	95	158 735
175	місто Дергачі	місто Люботин, Дергачівський район, частина Харківського району (виборчі дільниці № 630810 – 630819, 630829 – 630831, 630833 –630836, 630840 – 630845, 630848 – 630859, 630874 – 630879, 630881)	вул.1 Травня, 8, м.Дергачі, Дергачівський р-н, Харківська обл., 62300	колишнє приміщення КП "Архітектурне бюро Дергачівського району"	116	153 699
176	місто Чугуїв	місто Чугуїв, Великобурлуцький, Вовчанський, Дворічанський, Печенізький, Чугуївський райони	вул.Якіра, 18, м.Чугуїв, Харківська обл., 63503	загальноосвітня школа № 8	158	150 042
177	місто Куп’янськ	міста Ізюм, Куп’янськ, Борівський, Ізюмський, Куп’янський, Шевченківський райони	вул.Леніна, 3, м.Куп’янськ, Харківська обл., 63701	приміщення виконавчого комітету Куп’янської міської ради	168	159 581
178	місто Балаклія	місто Первомайський, Балаклійський, Барвінківський, Близнюківський, Первомайський райони	вул.Жовтнева, 18, м.Балаклія, Балаклійський р-н, Харківська обл., 64200	адміністративна будівля Будинку Рад	162	147 550
179	місто Красноград	місто Лозова, Зачепилівський, Кегичівський, Красноградський, Лозівський, Сахновщинський райони	вул.Жовтнева, 58а, м.Красноград, Красноградський р-н, Харківська обл., 63304	адміністративна будівля Будинку Рад	192	161 678
180	селище міського типу Золочів	Богодухівський, Валківський, Золочівський, Коломацький, Краснокутський, Нововодолазький райони, частина Харківського району (виборчі дільниці № 630820 – 630822)	вул.8 Березня, 5, смт Золочів, Золочівський р-н, Харківська обл., 62203	дитяча юнацько-спортивна школа	183	145 970
181	місто Зміїв	Зміївський район, частина Харківського району (виборчі дільниці № 630779 – 630809, 630823 – 630828, 630832, 630837 – 630839, 630846, 630847, 630860 – 630873, 630880, 630882, 630883)	майдан Радянський, 1, м.Зміїв, Зміївський р-н, Харківська обл., 63404	приміщення центру дитячої та юнацької творчості Зміївської районної ради	108	162 008
182	місто Херсон, Суворовський район	частина Дніпровського (виборчі дільниці № 650622 – 650653, 650662 – 650670), частина Суворовського (виборчі дільниці № 650726 – 650768, 650773 – 650782) районів міста Херсона з населеними пунктами Дніпровської та Суворовської районних у місті Херсоні рад	площа Свободи, 1, м.Херсон, 73000	приміщення Суворовської районної в містіХерсоні ради, к.208	95	164 236
183	місто Херсон, Комсомольський район	Комсомольський район, частина Дніпровського (виборчі дільниці № 650654 – 650661, 650671), частина Суворовського (виборчі дільниці № 650769 – 650772) районів міста Херсона з населеними пунктами Дніпровської, Суворовської та Комсомольської районних у місті Херсоні рад, Білозерський район.	вул.Суворова, 29, м.Херсон, 73000	приміщення Комсомольської районної в містіХерсоні ради	108	169 781
184	місто Нова Каховка	місто Нова Каховка з населеними пунктами Новокаховської міської ради, Бериславський, Великолепетиський, Великоолександрівський, Високопільський, Горностаївський, Нововоронцовський райони	просп.Дніпровський, 23, м.Нова Каховка, Херсонська обл., 74900	приміщення виконавчого комітету Новокаховської міської ради	195	177 860
185	місто Каховка	місто Каховка, Верхньорогачицький, Генічеський, Іванівський, Каховський, Нижньосірогозький, Новотроїцький райони, частина Чаплинського району (виборчі дільниці № 650534 – 650538, 650544 – 650546, 650548, 650562, 650563).	вул.К.Маркса, 103, м.Каховка, Херсонська обл., 74800	приміщення виконавчого комітету Каховської міської ради	217	179 621
186	місто Цюрупинськ	Голопристанський, Каланчацький, Скадовський, Цюрупинський райони, частина Чаплинського району (виборчі дільниці № 650539 – 650543, 650547, 650549 – 650561)	вул.Гвардійська, 24, м.Цюрупинськ, Цюрупинський р-н, Херсонська обл., 75100	приміщення Цюрупинської райдержадміністрації	168	180 152
187	місто Хмельницький	частина міста Хмельницького (виборчі дільниці № 681455 –681536)	вул.Гагаріна, 3А, м.Хмельницький, 29000	Хмельницька дитяча школа мистецтв	83	146 225
188	місто Хмельницький	частина міста Хмельницького (виборчі дільниці № 681427 –681454), Волочиський, Хмельницький райони	вул.Свободи, 2/1, м.Хмельницький, 29000	палац творчості дітей та юнацтва	187	148 666
189	місто Красилів	місто Нетішин, Білогірський, Ізяславський, Красилівський, Теофіпольський райони	вул.М.Грушевського, 53, м.Красилів, Красилівський р-н, Хмельницька обл., 31000	приміщення територіального управління державної судової адміністрації у Хмельницькій області	293	153 841
190	місто Шепетівка	міста Славута, Шепетівка, Полонський, Славутський, Шепетівський райони	вул.Островського, 42, м.Шепетівка, Хмельницька обл., 30400	будинок освіти	221	155 348
191	місто Старокостянтинів	місто Старокостянтинів, Віньковецький, Деражнянський, Летичівський, Старокостянтинівський, Старосинявський райони	вул.Острозького, 43, м.Старокостянтинів, Хмельницькаобл., 31100	дитячо-юнацька спортивна школа	287	142 600
192	місто Дунаївці	Городоцький, Дунаєвецький, Чемеровецький, Ярмолинецький райони	вул.Шевченка, 46, м.Дунаївці, Дунаєвецький р-н, Хмельницька обл., 32400	будинок школяра	272	156 275
193	місто Кам’янець-Подільський	місто Кам’янець-Подільський, Кам’янець-Подільський, Новоушицький райони	майдан Відродження, 1, м.Кам’янець-Подільський, Хмельницька обл., 32300	приміщення Кам’янець-Подільської міської ради	216	156 851
194	місто Черкаси, Придніпровський район	Придніпровський район, частина Соснівського району міста Черкас (виборчі дільниці № 711039 – 711042, 711044, 711049, 711080 –711100)	бульвар Шевченка, 307, м.Черкаси, 18000	міський центр розвитку	83	150 197
195	місто Черкаси, Соснівський район	частина Соснівського району міста Черкас (виборчі дільниці № 711043, 711045 – 711048, 711050 – 711067, 711074 – 711079), Драбівський, Чигиринський, Чорнобаївський райони	вул.Благовісна, 170, м.Черкаси, 18000	міський центр розвитку	161	151 841
196	місто Корсунь-Шевченківський	Городищенський, Катеринопільський, Корсунь-Шевченківський, Шполянський райони, частина Канівського (виборчі дільниці № 710263, 710266, 710274, 710280 – 710285, 710287, 710289 –710291, 710298 – 710303), частина Лисянського (виборчі дільниці № 710403, 710404, 710411, 710412, 710420, 710421, 710433), частина Тальнівського (виборчі дільниці № 710563 – 710565, 710567, 710569 – 710579, 710582 –710585, 710587 – 710590, 710593 – 710597) районів	вул.О.Захаренка, 2, м.Корсунь-Шевченківський, Корсунь-Шевченківський р-н, Черкаська обл., 19400	палац дітей та юнацтва	218	151 990
197	місто Канів	міста Золотоноша, Канів, частина Соснівського району міста Черкас (виборчі дільниці № 711030 – 711038, 711068 – 711073), Золотоніський район, частина Канівського (виборчі дільниці № 710264, 710265, 710267 –710273, 710275 – 710279, 710286, 710288, 710292 – 710297, 710304 – 710309), частина Черкаського (виборчі дільниці № 710691, 710696, 710697, 710700, 710701, 710706, 710709, 710710, 710711 – 710713, 710716 – 710719, 710722 –710725, 710735, 710736) районів	вул.206-ої Дивізії, 1, м.Канів, Черкаська обл., 19000	туристичний комплекс "Авто-Ріка"	146	143 747
198	місто Сміла	місто Сміла, Кам’янський, Смілянський райони, частина Черкаського району (виборчі дільниці № 710690, 710692 – 710695, 710698, 710699, 710702 – 710705, 710707, 710708, 710714, 710715, 710720, 710721, 710726 – 710734, 710737)	вул.Леніна, 37, м.Сміла, Черкаська обл., 20700	приміщення Смілянської райдержадміністрації	136	146 770
199	місто Жашків	місто Ватутіне, Жашківський, Звенигородський, Маньківський райони, частина Лисянського (виборчі дільниці № 710397 – 710402, 710405 –710410, 710413 – 710419, 710422 – 710432, 710434, 710435), частина Тальнівського (виборчі дільниці № 710548 – 710562, 710568, 710580, 710586, 710591, 710592) районів	вул.Давиденка, 71, м.Жашків, Жашківський р-н, Черкаська обл., 19200	офісне приміщення меблевого магазину	187	144 943
200	місто Умань	місто Умань, Монастирищенський, Уманський, Христинівський райони, частина Тальнівського району (виборчі дільниці № 710566, 710581)	вул.Леніна, 1, м.Умань, Черкаська обл., 20300	приміщення Уманської міської ради	172	162 076
201	місто Чернівці, Шевченківський район	Першотравневий, Шевченківський райони, частина Садгірського району міста Чернівців (виборчі дільниці № 730480, 730487 –730492)	вул.Червоноармійська, 5, м.Чернівці, 58000	обласний центр естетичного виховання "Юність Буковини"	108	175 930
202	місто Сторожинець	Вижницький, Кіцманський, Путильський райони, частина Сторожинецького району (виборчі дільниці № 730338 – 730351, 730355 –730361, 730364 – 730366, 730368 – 730375, 730378, 730381 – 730387, 730390 –730394)	вул.Чернівецька, 4, м.Сторожинець, Сторожинецький р-н, Чернівецькаобл., 59000	Сторожинецький цех телекомунікацій № 11 Чернівецької філії ПАТ "Укртелеком"	166	177 406
203	місто Новоселиця	частина Садгірського району міста Чернівців (виборчі дільниці № 730481 – 730486), Герцаївський, Глибоцький, Новоселицький райони, частина Сторожинецького району (виборчі дільниці № 730352 – 730354, 730362, 730363, 730367, 730376, 730377, 730379, 730380, 730388, 730389)	вул.Центральна, 112, м.Новоселиця, Новоселицький р-н, Чернівецька обл., 60300	Новоселицький районний будинок культури	131	175 110
204	місто Хотин	місто Новодністровськ, Заставнівський, Кельменецький, Сокирянський, Хотинський райони	вул.О.Кобилянської, 2а, м.Хотин, Хотинський р-н, Чернівецька обл., 60000	приміщення Хотинської районної ради	155	175 867
205	місто Чернігів, Деснянський район	Деснянський район, частина Новозаводського району міста Чернігова (виборчі дільниці № 741086, 741096 – 741099)	вул.Магістратська, 7, м.Чернігів, 14000	приміщення Чернігівської міської ради	83	150 653
206	місто Чернігів	частина Новозаводського району міста Чернігова (виборчі дільниці № 741061 – 741085, 741087 – 741095, 741100 – 741108), Ріпкинський, Чернігівський райони	вул.Шевченка, 48, м.Чернігів, 14027	приміщення Чернігівської райдержадміністрації	178	150 029
207	місто Корюківка	Городнянський, Коропський, Корюківський, Новгород-Сіверський, Семенівський, Сосницький, Щорський райони	вул.Г.Костюк, 20, м.Корюківка, Корюківський р-н, Чернігівська обл., 15300	приміщення Корюківського райвійськкомату	257	144 470
208	місто Бахмач	Бахмацький, Борзнянський, Куликівський, Менський, Талалаївський райони, частина Ічнянського району (виборчі дільниці № 740197 – 740201, 740204, 740208, 740209, 740215, 740218, 740221, 740225, 740228, 740231, 740232, 740235, 740236, 740239, 740240)	вул.Жовтнева, 59, м.Бахмач, Бахмацький р-н, Чернігівська обл., 16500	Бахмацький районний будинок культури	202	145 453
209	місто Ніжин	місто Ніжин, Варвинський, Ніжинський, Носівський, Срібнянський райони, частина Ічнянського району (виборчі дільниці № 740202, 740203, 740205 – 740207, 740210 – 740214, 740216, 740217, 740219, 740220, 740222 – 740224, 740226, 740227, 740229, 740230, 740233, 740234, 740237, 740238)	вул.Леніна, 11, м.Ніжин, Чернігівська обл.,16600	філіал загальноосвітньої школи № 1	169	147 301
210	місто Прилуки	місто Прилуки, Бобровицький, Козелецький, Прилуцький райони	вул.Іванівська, 57, м.Прилуки, Чернігівська обл., 17500	приміщення управління освіти Прилуцької міської ради	221	155 865
211	місто Київ, Голосіївський район	Голосіївський район міста Києва	просп.40-річчя Жовтня, 22/1, м.Київ, 03039	будинок дитячої та юнацької творчості	86	172 473
212	місто Київ, Дарницький район	частина Дарницького району міста Києва (виборчі дільниці № 800086 – 800156, 800205 – 800214)	вул.О.Кошиця, 11, м.Київ, 02068	приміщення Дарницької районної в місті Києві державної адміністрації	81	169 650
213	місто Київ, Деснянський район	частина Деснянського району міста Києва (виборчі дільниці № 800215 – 800227, 800236 – 800243, 800254 – 800270, 800273 – 800304, 801068 – 801070)	просп.Маяковського, 39, м.Київ, 02222	приміщення Київської дитячої школи мистецтв №3	73	166 148
214	місто Київ, Дніпровський район	частина Дніпровського району міста Києва (виборчі дільниці № 800350 – 800353, 800366, 800369 – 800407, 800431 – 800434, 800438 – 800470)	бульв.Праці, 1/1, м.Київ, 02094	приміщення Дніпровської районної в місті Києві державної адміністрації	81	164 937
215	місто Київ, Деснянський район	частина Деснянського (виборчі дільниці № 800228 – 800235, 800244 – 800253, 800271, 800272, 800305 – 800341), частина Дніпровського (виборчі дільниці № 800342 – 800349, 800354 – 800365, 800367, 800368) районів міста Києва	просп.Маяковського, 29, м.Київ, 02660	приміщення Деснянської районної в місті Києві державної адміністрації	79	170 211
216	місто Київ, Дніпровський район	частина Дарницького (виборчі дільниці № 800157 – 800204), частина Дніпровського (виборчі дільниці № 800408 – 800430, 800435 –800437) районів міста Києва	бульв.Праці, 1/1, м.Київ, 02094	приміщення Дніпровської районної в місті Києві державної адміністрації	74	158 938
217	місто Київ, Оболонський район	частина Оболонського району міста Києва (виборчі дільниці № 800471 –800547, 800577, 800578)	вул.Героїв Дніпра, 32а, м.Київ, 04214	прибудова до житлового будинку, другий поверх	79	171 683
218	місто Київ, Святошинський район	частина Оболонського (виборчі дільниці № 800548 – 800576, 800579 – 800582), частина Святошинського (виборчі дільниці № 800781 –800822) районів міста Києва	вул. Івана Крамського, 10, м.Київ, 03115	приміщення музикальної школи	75	150 294
219	місто Київ, Святошинський район	частина Святошинського району міста Києва (виборчі дільниці № 800702 –800780, 800823 – 800827)	вул.Львівська, 8/6, м.Київ, 03115	приміщення Святошинської районної в місті Києві державної адміністрації	84	168 113
220	місто Київ, Подільський район	Подільський район міста Києва	вул.Мостицька, 20, м.Київ, 04108	Центр соціальних служб для сім’ї, дітей та молоді	69	146 663
221	місто Київ, Печерський район	Печерський район, частина Солом’янського (виборчі дільниці № 800828 – 800843, 800850, 800851, 800865, 800869 – 800871, 800873, 800877 – 800885, 800887 – 800891, 800950 – 800956, 800958, 800959), частина Шевченківського (виборчі дільниці № 800960 – 800964, 800966, 800967, 800975) районів міста Києва	Кловський узвіз 24, м.Київ, 01021	приміщення Печерської районної в місті Києві державної адміністрації	104	175 381
222	місто Київ, Солом’янський район	частина Солом’янського району міста Києва (виборчі дільниці № 800844 –800849, 800852 – 800864, 800866 – 800868, 800872, 800874 –800876, 800886, 800892 – 800949, 800957)	вул.Богданівська, 10, м.Київ, 03049	гуртожиток Київського будівельного коледжу	87	177 155
223	місто Київ, Шевченківський район	частина Шевченківського району міста Києва (виборчі дільниці № 800965, 800968 – 800974, 800976 – 801066)	вул.Щербакова, 49, м.Київ, 04111	нежитлові приміщення (перший поверх)	101	169 295
224	місто Севастополь, Гагарінський район	Балаклавський район з населеними пунктами Балаклавської районної у місті Севастополі ради, Гагарінський район, частина Ленінського району міста Севастополя (виборчі дільниці № 850120 – 850122, 850131 –850135)	просп.Жовтневої революції, 8, м.Севастополь, 99038	приміщення Гагарінської районної в містіСевастополі ради	94	155 437
225	місто Севастополь, Ленінський район	Нахімовський район з населеними пунктами Нахімовської районної у місті Севастополі ради, частина Ленінського району міста Севастополя (виборчі дільниці № 850088 – 850119, 850123 – 850130, 850136 –850144)	просп.Генерала Острякова, 70, м.Севастополь, 99029	кінотеатр "Москва"	98	153 305
